Procure WholeSale Price,Qty Interval,Procure Category 1,Procure Category 2,Procure Category 3,Procure Category 4,Procure Category 5,Handle,Title,Body (HTML),Vendor,Product Category,Type,Tags,Published,Option1 Name,Option1 Value,Option2 Name,Option2 Value,Option3 Name,Option3 Value,Variant SKU,Variant Grams,Variant Inventory Tracker,Variant Inventory Policy,Variant Fulfillment Service,Variant Price,Variant Compare At Price,Variant Requires Shipping,Variant Taxable,Variant Barcode,Image Src,Image Position,Image Alt Text,Gift Card,SEO Title,SEO Description,Google Shopping / Google Product Category,Google Shopping / Gender,Google Shopping / Age Group,Google Shopping / MPN,Google Shopping / AdWords Grouping,Google Shopping / AdWords Labels,Google Shopping / Condition,Google Shopping / Custom Product,Google Shopping / Custom Label 0,Google Shopping / Custom Label 1,Google Shopping / Custom Label 2,Google Shopping / Custom Label 3,Google Shopping / Custom Label 4,Variant Image,Variant Weight Unit,Variant Tax Code,Cost per item,Price / International,Compare At Price / International,Status
$15.00,12,Home Fragrance / Candles,Please Select,Please Select,,,big-sir-candle,Big Sir Candle,"<p>Rich, woody inlands over a misty coastline encapsulate the magic of Big Sur. This distinguished, smoky scent evokes fine leather and smooth tobacco with a dash of freshly cut bay leaves.</p>
<p>Notes of Tobacco, Leather &amp; Bay Leaves</p>",MADE by DWC,,Candle,"Candle, procure",TRUE,Size,10oz,,,,,0110SB-001,907.18474,shopify,continue,manual,30,,TRUE,TRUE,,https://cdn.shopify.com/s/files/1/0896/7244/products/NTP8319.jpg?v=1571437789,1,,FALSE,,,,,,,,,,,,,,,,https://cdn.shopify.com/s/files/1/0896/7244/products/sir_candle_8oz.jpg?v=1571437789,lb,,,,,active
$12.00,12,Home Fragrance / Candles,,,,,big-sir-candle,,,,,,,,,6oz,,,,,0106SB-0001,907.18474,shopify,continue,manual,24,,TRUE,TRUE,,https://cdn.shopify.com/s/files/1/0896/7244/products/sir_candle_5oz.jpg?v=1571437789,2,,,,,,,,,,,,,,,,,,https://cdn.shopify.com/s/files/1/0896/7244/products/sir_candle_5oz.jpg?v=1571437789,lb,,,,,
,,,,,,,big-sir-candle,,,,,,,,,,,,,,,,,,,,,,,,https://cdn.shopify.com/s/files/1/0896/7244/products/sir_box_5oz.jpg?v=1571437789,3,,,,,,,,,,,,,,,,,,,,,,,,
,,,,,,,big-sir-candle,,,,,,,,,,,,,,,,,,,,,,,,https://cdn.shopify.com/s/files/1/0896/7244/products/sir_candlebox_5oz.jpg?v=1571437789,4,,,,,,,,,,,,,,,,,,,,,,,,
,,,,,,,big-sir-candle,,,,,,,,,,,,,,,,,,,,,,,,https://cdn.shopify.com/s/files/1/0896/7244/products/sir_candle_8oz.jpg?v=1571437789,5,,,,,,,,,,,,,,,,,,,,,,,,
,,,,,,,big-sir-candle,,,,,,,,,,,,,,,,,,,,,,,,https://cdn.shopify.com/s/files/1/0896/7244/products/sir_box_80z.jpg?v=1571437789,6,,,,,,,,,,,,,,,,,,,,,,,,
$15.00,12,Home Fragrance / Candles,Please Select,Please Select,,,mojave-dessert-candle,Mojave Dessert Candle,"<p>Alluring desert nights marry earthy notes of cedarwood and patchouli with a hint of sweet jasmine. It’s a spicy mirage with warm wisps of amber noir.</p>
<p> </p>
<p>Notes of Patchouli, Amber &amp; Cedar</p>",MADE by DWC,,Candle,"Candle, procure",TRUE,Size,10oz,,,,,0110MD-0002,907.18474,shopify,continue,manual,30,,TRUE,TRUE,,https://cdn.shopify.com/s/files/1/0896/7244/products/moj_candlebox.jpg?v=1568238498,1,,FALSE,,,,,,,,,,,,,,,,https://cdn.shopify.com/s/files/1/0896/7244/products/mojave_candle_8oz.jpg?v=1568238498,lb,,,,,active
$12.00,12,Home Fragrance / Candles,,,,,mojave-dessert-candle,,,,,,,,,6oz,,,,,0106MD-0002,907.18474,shopify,continue,manual,24,,TRUE,TRUE,,https://cdn.shopify.com/s/files/1/0896/7244/products/mojave_candle_8oz.jpg?v=1568238498,2,,,,,,,,,,,,,,,,,,https://cdn.shopify.com/s/files/1/0896/7244/products/mojave_candlebox_5oz.jpg?v=1568238498,lb,,,,,
,,,,,,,mojave-dessert-candle,,,,,,,,,,,,,,,,,,,,,,,,https://cdn.shopify.com/s/files/1/0896/7244/products/moj_box_8oz.jpg?v=1568238498,3,,,,,,,,,,,,,,,,,,,,,,,,
,,,,,,,mojave-dessert-candle,,,,,,,,,,,,,,,,,,,,,,,,https://cdn.shopify.com/s/files/1/0896/7244/products/mojave_candlebox_5oz.jpg?v=1568238498,4,,,,,,,,,,,,,,,,,,,,,,,,
,,,,,,,mojave-dessert-candle,,,,,,,,,,,,,,,,,,,,,,,,https://cdn.shopify.com/s/files/1/0896/7244/products/mojave_candle_5oz.jpg?v=1568238498,5,,,,,,,,,,,,,,,,,,,,,,,,
,,,,,,,mojave-dessert-candle,,,,,,,,,,,,,,,,,,,,,,,,https://cdn.shopify.com/s/files/1/0896/7244/products/mojave_box_5oz.jpg?v=1568238498,6,,,,,,,,,,,,,,,,,,,,,,,,
$15.00,12,Home Fragrance / Candles,Please Select,Please Select,,,joshua-tea-candle,Joshua Tea Candle,"<p>Sun-dried Earl Grey tea leaves fill the air with a tinge of ripened citrus and notes of bergamot. It’s a refreshing reprieve, like finding soothing shade in the hot desert sun.</p>
<p>Notes of Black Tea, Orange &amp; Bergamot</p>",MADE by DWC,,Candle,"Candle, procure",TRUE,Size,10oz,,,,,0110JT-0003,907.18474,shopify,continue,manual,30,,TRUE,TRUE,,https://cdn.shopify.com/s/files/1/0896/7244/products/NTP8321.jpg?v=1571437747,1,,FALSE,,,,,,,,,,,,,,,,https://cdn.shopify.com/s/files/1/0896/7244/products/joshua_candle_8oz.jpg?v=1571437747,lb,,,,,active
$12.00,12,Home Fragrance / Candles,,,,,joshua-tea-candle,,,,,,,,,6oz,,,,,0106JT-0003,907.18474,shopify,continue,manual,24,,TRUE,TRUE,,https://cdn.shopify.com/s/files/1/0896/7244/products/joshua_candle_8oz.jpg?v=1571437747,2,,,,,,,,,,,,,,,,,,https://cdn.shopify.com/s/files/1/0896/7244/products/joshua_candle_5oz.jpg?v=1571437747,lb,,,,,
,,,,,,,joshua-tea-candle,,,,,,,,,,,,,,,,,,,,,,,,https://cdn.shopify.com/s/files/1/0896/7244/products/joshua_tea_8ozbox.jpg?v=1571437747,3,,,,,,,,,,,,,,,,,,,,,,,,
,,,,,,,joshua-tea-candle,,,,,,,,,,,,,,,,,,,,,,,,https://cdn.shopify.com/s/files/1/0896/7244/products/joshua_candlebox_5oz.jpg?v=1571437747,4,,,,,,,,,,,,,,,,,,,,,,,,
,,,,,,,joshua-tea-candle,,,,,,,,,,,,,,,,,,,,,,,,https://cdn.shopify.com/s/files/1/0896/7244/products/joshua_candle_5oz.jpg?v=1571437747,5,,,,,,,,,,,,,,,,,,,,,,,,
,,,,,,,joshua-tea-candle,,,,,,,,,,,,,,,,,,,,,,,,https://cdn.shopify.com/s/files/1/0896/7244/products/joshua_box_5oz.jpg?v=1571437747,6,,,,,,,,,,,,,,,,,,,,,,,,
$15.00,12,Home Fragrance / Candles,Please Select,Please Select,,,nap-valley-candle,Nap Valley Candle,"<p>Delicate and airy linen sheets drying in a cool wine country breeze. Clean, and crisp, it’s reminiscent of a fresh open valley. </p>
<p>Notes of Thyme, Violet &amp; Seaberry</p>",MADE by DWC,,Candle,"Candle, procure",TRUE,Size,10oz,,,,,0110NV-0004,907.18474,shopify,continue,manual,30,,TRUE,TRUE,,https://cdn.shopify.com/s/files/1/0896/7244/products/nap_candlebox_8oz.jpg?v=1568157008,1,,FALSE,,,,,,,,,,,,,,,,https://cdn.shopify.com/s/files/1/0896/7244/products/nap_candle_8oz.jpg?v=1568157008,lb,,,,,active
$12.00,12,Home Fragrance / Candles,,,,,nap-valley-candle,,,,,,,,,6oz,,,,,0106NV-0004,907.18474,shopify,continue,manual,24,,TRUE,TRUE,,https://cdn.shopify.com/s/files/1/0896/7244/products/nap_candle_8oz.jpg?v=1568157008,2,,,,,,,,,,,,,,,,,,https://cdn.shopify.com/s/files/1/0896/7244/products/nap_candle_5oz.jpg?v=1568157008,lb,,,,,
,,,,,,,nap-valley-candle,,,,,,,,,,,,,,,,,,,,,,,,https://cdn.shopify.com/s/files/1/0896/7244/products/nap_box_8oz.jpg?v=1568157008,3,,,,,,,,,,,,,,,,,,,,,,,,
,,,,,,,nap-valley-candle,,,,,,,,,,,,,,,,,,,,,,,,https://cdn.shopify.com/s/files/1/0896/7244/products/nap_candlebox_5oz.jpg?v=1568157008,4,,,,,,,,,,,,,,,,,,,,,,,,
,,,,,,,nap-valley-candle,,,,,,,,,,,,,,,,,,,,,,,,https://cdn.shopify.com/s/files/1/0896/7244/products/nap_candle_5oz.jpg?v=1568157008,5,,,,,,,,,,,,,,,,,,,,,,,,
,,,,,,,nap-valley-candle,,,,,,,,,,,,,,,,,,,,,,,,https://cdn.shopify.com/s/files/1/0896/7244/products/nap_box_5oz.jpg?v=1568157008,6,,,,,,,,,,,,,,,,,,,,,,,,
$15.00,12,Home Fragrance / Candles,Please Select,Please Select,,,lady-bird-groove-candle,Lady Bird Groove Candle,"<p>Lemony white magnolia, traces of fragrant gardenia, and night-blooming jasmine swirl together in this decadent floral trio. Inhale and imagine the wild flowers along the winding trails of Lady Bird Johnson Grove.</p>
<p>Notes of Jasmine, Magnolia &amp; Gardenia</p>",MADE by DWC,,Candle,"Candle, procure",TRUE,Size,10oz,,,,,0110LB-0005,907.18474,shopify,continue,manual,30,,TRUE,TRUE,,https://cdn.shopify.com/s/files/1/0896/7244/products/lady_candlebox_80z.jpg?v=1568157232,1,,FALSE,,,,,,,,,,,,,,,,https://cdn.shopify.com/s/files/1/0896/7244/products/lady_candle_8oz.jpg?v=1568157232,lb,,,,,active
$12.00,12,Home Fragrance / Candles,,,,,lady-bird-groove-candle,,,,,,,,,6oz,,,,,0106LB-0005,907.18474,shopify,continue,manual,24,,TRUE,TRUE,,https://cdn.shopify.com/s/files/1/0896/7244/products/lady_candle_8oz.jpg?v=1568157232,2,,,,,,,,,,,,,,,,,,https://cdn.shopify.com/s/files/1/0896/7244/products/lady_candle_5oz.jpg?v=1568157232,lb,,,,,
,,,,,,,lady-bird-groove-candle,,,,,,,,,,,,,,,,,,,,,,,,https://cdn.shopify.com/s/files/1/0896/7244/products/lady_box_8oz.jpg?v=1568157232,3,,,,,,,,,,,,,,,,,,,,,,,,
,,,,,,,lady-bird-groove-candle,,,,,,,,,,,,,,,,,,,,,,,,https://cdn.shopify.com/s/files/1/0896/7244/products/lady_candlebox_5oz.jpg?v=1568157232,4,,,,,,,,,,,,,,,,,,,,,,,,
,,,,,,,lady-bird-groove-candle,,,,,,,,,,,,,,,,,,,,,,,,https://cdn.shopify.com/s/files/1/0896/7244/products/lady_candle_5oz.jpg?v=1568157232,5,,,,,,,,,,,,,,,,,,,,,,,,
,,,,,,,lady-bird-groove-candle,,,,,,,,,,,,,,,,,,,,,,,,https://cdn.shopify.com/s/files/1/0896/7244/products/lady_box_5oz.jpg?v=1568157232,6,,,,,,,,,,,,,,,,,,,,,,,,
$15.00,12,Home Fragrance / Candles,Please Select,Please Select,,,sacrameadow-candle,Sacrameadow Candle,"<p>Fresh fields of morning dew dappled fern and delicate moss swirl together in this earthy delight. Evocative of Sacramento fields, breathe in and enjoy elegant undertones of lilac and moistened soil.</p>
<p>Notes of Moss, Fern &amp; Lilac</p>",MADE by DWC,,Candle,"Candle, procure",TRUE,Size,10oz,,,,,0110SM-0006,907.18474,shopify,continue,manual,30,,TRUE,TRUE,,https://cdn.shopify.com/s/files/1/0896/7244/products/sacra_candlebox_8oz.jpg?v=1568157464,1,,FALSE,,,,,,,,,,,,,,,,https://cdn.shopify.com/s/files/1/0896/7244/products/sacra_candle_8oz.jpg?v=1568157464,lb,,,,,active
$12.00,12,Home Fragrance / Candles,,,,,sacrameadow-candle,,,,,,,,,6oz,,,,,0106SM-0006,907.18474,shopify,continue,manual,24,,TRUE,TRUE,,https://cdn.shopify.com/s/files/1/0896/7244/products/sacra_candle_8oz.jpg?v=1568157464,2,,,,,,,,,,,,,,,,,,https://cdn.shopify.com/s/files/1/0896/7244/products/sacra_candle_5oz.jpg?v=1568157464,lb,,,,,
,,,,,,,sacrameadow-candle,,,,,,,,,,,,,,,,,,,,,,,,https://cdn.shopify.com/s/files/1/0896/7244/products/sacrameadow_box.jpg?v=1568157464,3,,,,,,,,,,,,,,,,,,,,,,,,
,,,,,,,sacrameadow-candle,,,,,,,,,,,,,,,,,,,,,,,,https://cdn.shopify.com/s/files/1/0896/7244/products/sacra_candlebox_5oz.jpg?v=1568157464,4,,,,,,,,,,,,,,,,,,,,,,,,
,,,,,,,sacrameadow-candle,,,,,,,,,,,,,,,,,,,,,,,,https://cdn.shopify.com/s/files/1/0896/7244/products/sacra_candle_5oz.jpg?v=1568157464,5,,,,,,,,,,,,,,,,,,,,,,,,
,,,,,,,sacrameadow-candle,,,,,,,,,,,,,,,,,,,,,,,,https://cdn.shopify.com/s/files/1/0896/7244/products/sacra_box_5oz.jpg?v=1568157464,6,,,,,,,,,,,,,,,,,,,,,,,,
$15.00,12,Home Fragrance / Candles,Please Select,Please Select,,,half-moon-bae-candle,Half Moon Bae Candle,"<p>Sensuous spices of amber, cardamom, and clove evoke magical evenings cloaked in moonlight. Feel the Half Moon Bay breeze as it carries waves of salty goodness and hints of vanilla. </p>
<p>Notes of Cardamom, Clove &amp; Vanilla</p>",MADE by DWC,,Candle,"Candle, procure",TRUE,Size,10oz,,,,,0110HM-0007,907.18474,shopify,continue,manual,30,,TRUE,TRUE,,https://cdn.shopify.com/s/files/1/0896/7244/products/half_candlebox_8oz.jpg?v=1568157673,1,,FALSE,,,,,,,,,,,,,,,,https://cdn.shopify.com/s/files/1/0896/7244/products/half_candle_8oz.jpg?v=1568157673,lb,,,,,active
$12.00,12,Home Fragrance / Candles,,,,,half-moon-bae-candle,,,,,,,,,6oz,,,,,0106HM-0007,907.18474,shopify,continue,manual,24,,TRUE,TRUE,,https://cdn.shopify.com/s/files/1/0896/7244/products/half_candle_8oz.jpg?v=1568157673,2,,,,,,,,,,,,,,,,,,https://cdn.shopify.com/s/files/1/0896/7244/products/half_candle_5oz.jpg?v=1568157673,lb,,,,,
,,,,,,,half-moon-bae-candle,,,,,,,,,,,,,,,,,,,,,,,,https://cdn.shopify.com/s/files/1/0896/7244/products/half_box_8oz.jpg?v=1568157673,3,,,,,,,,,,,,,,,,,,,,,,,,
,,,,,,,half-moon-bae-candle,,,,,,,,,,,,,,,,,,,,,,,,https://cdn.shopify.com/s/files/1/0896/7244/products/half_candlebox_5oz.jpg?v=1568157673,4,,,,,,,,,,,,,,,,,,,,,,,,
,,,,,,,half-moon-bae-candle,,,,,,,,,,,,,,,,,,,,,,,,https://cdn.shopify.com/s/files/1/0896/7244/products/half_candle_5oz.jpg?v=1568157673,5,,,,,,,,,,,,,,,,,,,,,,,,
,,,,,,,half-moon-bae-candle,,,,,,,,,,,,,,,,,,,,,,,,https://cdn.shopify.com/s/files/1/0896/7244/products/half_box_5oz.jpg?v=1568157673,6,,,,,,,,,,,,,,,,,,,,,,,,
$15.00,12,Home Fragrance / Candles,Please Select,Please Select,,,santa-cruise-candle,Santa Cruise Candle,"<p>Soothing notes of eucalyptus and vetiver remindful of where the ocean and the forest meet. Recall long, lazy afternoons along the shores of Santa Cruz where there’s nothing to do but breathe.</p>
<p>Notes of Eucalyptus, Vetiver &amp; Sandalwood</p>",MADE by DWC,,Candle,"Candle, procure",TRUE,Size,10oz,,,,,0110SC-0008,907.18474,shopify,continue,manual,30,,TRUE,TRUE,,https://cdn.shopify.com/s/files/1/0896/7244/products/santa_candlebox_8oz.jpg?v=1568157967,1,,FALSE,,,,,,,,,,,,,,,,https://cdn.shopify.com/s/files/1/0896/7244/products/santa_candle_8oz.jpg?v=1568157967,lb,,,,,active
$12.00,12,Home Fragrance / Candles,,,,,santa-cruise-candle,,,,,,,,,6oz,,,,,0106SC-0008,907.18474,shopify,continue,manual,24,,TRUE,TRUE,,https://cdn.shopify.com/s/files/1/0896/7244/products/santa_candle_8oz.jpg?v=1568157967,2,,,,,,,,,,,,,,,,,,https://cdn.shopify.com/s/files/1/0896/7244/products/santa_candle_5oz.jpg?v=1568157967,lb,,,,,
,,,,,,,santa-cruise-candle,,,,,,,,,,,,,,,,,,,,,,,,https://cdn.shopify.com/s/files/1/0896/7244/products/santa_box_8oz.jpg?v=1568157967,3,,,,,,,,,,,,,,,,,,,,,,,,
,,,,,,,santa-cruise-candle,,,,,,,,,,,,,,,,,,,,,,,,https://cdn.shopify.com/s/files/1/0896/7244/products/santa_candlebox_5oz.jpg?v=1568157967,4,,,,,,,,,,,,,,,,,,,,,,,,
,,,,,,,santa-cruise-candle,,,,,,,,,,,,,,,,,,,,,,,,https://cdn.shopify.com/s/files/1/0896/7244/products/santa_candle_5oz.jpg?v=1568157967,5,,,,,,,,,,,,,,,,,,,,,,,,
,,,,,,,santa-cruise-candle,,,,,,,,,,,,,,,,,,,,,,,,https://cdn.shopify.com/s/files/1/0896/7244/products/santa_box_5oz.jpg?v=1568157967,6,,,,,,,,,,,,,,,,,,,,,,,,
$6.00,12,Bath & Body / Bar Soap,Please Select,Please Select,,,joshua-tea-soap,Joshua Tea Soap,"<p>Wrap yourself in nourishing moisture with our Goat’s Milk and Honey-based soap infused with Vitamin E. As you lather, sun-dried Earl Grey tea fills the air with a tinge of ripened citrus and notes of bergamot.</p>
<p>Like the candle, it’s a refreshing reprieve, like finding soothing shade in the hot desert sun.</p>",MADE by DWC,,Soap,"procure, Soap",TRUE,Size,6.5oz,,,,,0206JT-0001,226.796185,shopify,continue,manual,12,,TRUE,TRUE,,https://cdn.shopify.com/s/files/1/0896/7244/products/joshua_bothsoaps.jpg?v=1571692775,1,,FALSE,,,,,,,,,,,,,,,,https://cdn.shopify.com/s/files/1/0896/7244/products/joshua_soap_6oz.jpg?v=1571692775,oz,,,,,active
$4.50,12,Bath & Body / Bar Soap,,,,,joshua-tea-soap,,,,,,,,,3.5oz,,,,,0203JT-0001,141.7476156,shopify,continue,manual,9,,TRUE,TRUE,,https://cdn.shopify.com/s/files/1/0896/7244/products/joshua_soap_3oz.jpg?v=1571692775,2,,,,,,,,,,,,,,,,,,https://cdn.shopify.com/s/files/1/0896/7244/products/joshua_soap_3oz.jpg?v=1571692775,oz,,,,,
$9.50,12,Bath & Body / Bar Soap,Bath & Body / Bundle,Gifts / Gift Bundles & Boxes,,,joshua-tea-soap,,,,,,,,,Bundle 2pk (3.5oz + 6.5oz),,,,,02BDJT-0001,396.8933238,shopify,continue,manual,19,,TRUE,TRUE,,https://cdn.shopify.com/s/files/1/0896/7244/products/joshua_raw_3oz.jpg?v=1571692775,3,,,,,,,,,,,,,,,,,,https://cdn.shopify.com/s/files/1/0896/7244/products/NTP8403.jpg?v=1571692776,oz,,,,,
,,,,,,,joshua-tea-soap,,,,,,,,,,,,,,,,,,,,,,,,https://cdn.shopify.com/s/files/1/0896/7244/products/joshua_soap_6oz.jpg?v=1571692775,4,,,,,,,,,,,,,,,,,,,,,,,,
,,,,,,,joshua-tea-soap,,,,,,,,,,,,,,,,,,,,,,,,https://cdn.shopify.com/s/files/1/0896/7244/products/joshua_raw_6oz2.jpg?v=1571692775,5,,,,,,,,,,,,,,,,,,,,,,,,
,,,,,,,joshua-tea-soap,,,,,,,,,,,,,,,,,,,,,,,,https://cdn.shopify.com/s/files/1/0896/7244/products/NTP8403.jpg?v=1571692776,6,,,,,,,,,,,,,,,,,,,,,,,,
,,,,,,,joshua-tea-soap,,,,,,,,,,,,,,,,,,,,,,,,https://cdn.shopify.com/s/files/1/0896/7244/products/NTP8417.jpg?v=1571692776,7,,,,,,,,,,,,,,,,,,,,,,,,
$6.00,12,Bath & Body / Bar Soap,Please Select,Please Select,,,lady-bird-groove-soap,Lady Bird Groove Soap,"<p>Rose Clay and Mango Butter combine to create an earthier, skin-softening version of our candle scent—that rinses clean while absorbing excess oil from your skin. Bathe and breathe in deliciously fragrant gardenia, and night-blooming jasmine.</p>",MADE by DWC,,Soap,"procure, Soap",TRUE,Size,6.5oz,,,,,0206LB-0002,226.796185,shopify,continue,manual,12,,TRUE,TRUE,,https://cdn.shopify.com/s/files/1/0896/7244/products/lady_bothsoaps.jpg?v=1571693377,1,,FALSE,,,,,,,,,,,,,,,,https://cdn.shopify.com/s/files/1/0896/7244/products/lady_soap_6oz.jpg?v=1571693377,oz,,,,,active
$4.50,12,Bath & Body / Bar Soap,,,,,lady-bird-groove-soap,,,,,,,,,3.5oz,,,,,0203LB-0002,141.7476156,shopify,continue,manual,9,,TRUE,TRUE,,https://cdn.shopify.com/s/files/1/0896/7244/products/lady_soap_6oz.jpg?v=1571693377,2,,,,,,,,,,,,,,,,,,https://cdn.shopify.com/s/files/1/0896/7244/products/lady_soap_6oz2.jpg?v=1571693377,oz,,,,,
$9.50,12,Bath & Body / Bar Soap,Bath & Body / Bundle,Gifts / Gift Bundles & Boxes,,,lady-bird-groove-soap,,,,,,,,,Bundle 2pk (3.5oz + 6.5oz),,,,,02BDLB-0002,396.8933238,shopify,continue,manual,19,,TRUE,TRUE,,https://cdn.shopify.com/s/files/1/0896/7244/products/lady_raw_3oz.jpg?v=1571693377,3,,,,,,,,,,,,,,,,,,https://cdn.shopify.com/s/files/1/0896/7244/products/NTP8434.jpg?v=1571693377,oz,,,,,
,,,,,,,lady-bird-groove-soap,,,,,,,,,,,,,,,,,,,,,,,,https://cdn.shopify.com/s/files/1/0896/7244/products/lady_soap_6oz2.jpg?v=1571693377,4,,,,,,,,,,,,,,,,,,,,,,,,
,,,,,,,lady-bird-groove-soap,,,,,,,,,,,,,,,,,,,,,,,,https://cdn.shopify.com/s/files/1/0896/7244/products/lady_raw_6oz.jpg?v=1571693377,5,,,,,,,,,,,,,,,,,,,,,,,,
,,,,,,,lady-bird-groove-soap,,,,,,,,,,,,,,,,,,,,,,,,https://cdn.shopify.com/s/files/1/0896/7244/products/NTP8434.jpg?v=1571693377,6,,,,,,,,,,,,,,,,,,,,,,,,
,,,,,,,lady-bird-groove-soap,,,,,,,,,,,,,,,,,,,,,,,,https://cdn.shopify.com/s/files/1/0896/7244/products/NTP8436.jpg?v=1571693377,7,,,,,,,,,,,,,,,,,,,,,,,,
$6.00,12,Bath & Body / Bar Soap,Please Select,Please Select,,,mojave-dessert-soap,Mojave Dessert Soap,"<p>A true treat for your skin, with activated charcoal to draw out excess oil and impurities, and Goats Milk, Vitamin E, and Honey to keep skin silky soft. Indulge your senses in the sweet smell of warm desert earth and cedar.</p>",MADE by DWC,,Soap,"procure, Soap",TRUE,Size,6.5oz,,,,,0206MD-0003,226.796185,shopify,continue,manual,12,,TRUE,TRUE,,https://cdn.shopify.com/s/files/1/0896/7244/products/mojave_bothsoaps.jpg?v=1571693261,1,,FALSE,,,,,,,,,,,,,,,,https://cdn.shopify.com/s/files/1/0896/7244/products/mojave_soap_6oz.jpg?v=1571693261,oz,,,,,active
$4.50,12,Bath & Body / Bar Soap,,,,,mojave-dessert-soap,,,,,,,,,3.5oz,,,,,0203MD-0003,141.7476156,shopify,continue,manual,9,,TRUE,TRUE,,https://cdn.shopify.com/s/files/1/0896/7244/products/mojave_soap_6oz.jpg?v=1571693261,2,,,,,,,,,,,,,,,,,,https://cdn.shopify.com/s/files/1/0896/7244/products/mojave_soap_3oz.jpg?v=1571693261,oz,,,,,
$9.50,12,Bath & Body / Bar Soap,Bath & Body / Bundle,Gifts / Gift Bundles & Boxes,,,mojave-dessert-soap,,,,,,,,,Bundle 2pk (3.5oz + 6.5oz),,,,,02BDMD-0003,396.8933238,shopify,continue,manual,19,,TRUE,TRUE,,https://cdn.shopify.com/s/files/1/0896/7244/products/mojave_raw_6oz.jpg?v=1571693261,3,,,,,,,,,,,,,,,,,,https://cdn.shopify.com/s/files/1/0896/7244/products/NTP8423.jpg?v=1571693261,oz,,,,,
,,,,,,,mojave-dessert-soap,,,,,,,,,,,,,,,,,,,,,,,,https://cdn.shopify.com/s/files/1/0896/7244/products/mojave_soap_3oz.jpg?v=1571693261,4,,,,,,,,,,,,,,,,,,,,,,,,
,,,,,,,mojave-dessert-soap,,,,,,,,,,,,,,,,,,,,,,,,https://cdn.shopify.com/s/files/1/0896/7244/products/mojave_raw_3oz.jpg?v=1571693261,5,,,,,,,,,,,,,,,,,,,,,,,,
,,,,,,,mojave-dessert-soap,,,,,,,,,,,,,,,,,,,,,,,,https://cdn.shopify.com/s/files/1/0896/7244/products/NTP8423.jpg?v=1571693261,6,,,,,,,,,,,,,,,,,,,,,,,,
,,,,,,,mojave-dessert-soap,,,,,,,,,,,,,,,,,,,,,,,,https://cdn.shopify.com/s/files/1/0896/7244/products/NTP8427.jpg?v=1571693261,7,,,,,,,,,,,,,,,,,,,,,,,,
$6.00,12,Bath & Body / Bar Soap,Please Select,Please Select,,,santa-cruise-soap,Santa Cruise Soap,"<p>Soothing, gentle Olive Oil and Vitamin E blend together with notes of eucalyptus and lavender evoking long afternoons on the shores of Santa Cruz where there’s nothing to do but breathe.</p>",MADE by DWC,,Soap,"procure, Soap",TRUE,Size,6.5oz,,,,,0206SC-0004,226.796185,shopify,continue,manual,12,,TRUE,TRUE,,https://cdn.shopify.com/s/files/1/0896/7244/products/santa_bothsoaps.jpg?v=1571693095,1,,FALSE,,,,,,,,,,,,,,,,https://cdn.shopify.com/s/files/1/0896/7244/products/santa_soap_6oz.jpg?v=1571693095,oz,,,,,active
$4.50,12,Bath & Body / Bar Soap,,,,,santa-cruise-soap,,,,,,,,,3.5oz,,,,,0203SC-0004,141.7476156,shopify,continue,manual,9,,TRUE,TRUE,,https://cdn.shopify.com/s/files/1/0896/7244/products/santa_soap_6oz.jpg?v=1571693095,2,,,,,,,,,,,,,,,,,,https://cdn.shopify.com/s/files/1/0896/7244/products/santa_soap_3oz.jpg?v=1571693095,oz,,,,,
$9.50,12,Bath & Body / Bar Soap,Bath & Body / Bundle,Gifts / Gift Bundles & Boxes,,,santa-cruise-soap,,,,,,,,,Bundle 2pk (3.5oz + 6.5oz),,,,,02BDSC-0004,396.8933238,shopify,continue,manual,19,,TRUE,TRUE,,https://cdn.shopify.com/s/files/1/0896/7244/products/santa_raw_3oz.jpg?v=1571693095,3,,,,,,,,,,,,,,,,,,https://cdn.shopify.com/s/files/1/0896/7244/products/NTP8428.jpg?v=1571693095,oz,,,,,
,,,,,,,santa-cruise-soap,,,,,,,,,,,,,,,,,,,,,,,,https://cdn.shopify.com/s/files/1/0896/7244/products/santa_soap_3oz.jpg?v=1571693095,4,,,,,,,,,,,,,,,,,,,,,,,,
,,,,,,,santa-cruise-soap,,,,,,,,,,,,,,,,,,,,,,,,https://cdn.shopify.com/s/files/1/0896/7244/products/santa_raw_6oz2.jpg?v=1571693095,5,,,,,,,,,,,,,,,,,,,,,,,,
,,,,,,,santa-cruise-soap,,,,,,,,,,,,,,,,,,,,,,,,https://cdn.shopify.com/s/files/1/0896/7244/products/NTP8428.jpg?v=1571693095,6,,,,,,,,,,,,,,,,,,,,,,,,
,,,,,,,santa-cruise-soap,,,,,,,,,,,,,,,,,,,,,,,,https://cdn.shopify.com/s/files/1/0896/7244/products/NTP8431.jpg?v=1571693095,7,,,,,,,,,,,,,,,,,,,,,,,,
$10.00,12,Bath & Body / Bath Salts,Please Select,Please Select,,,marina-bath-salts,Marina Del Ray Bath Salts,"<p>Soak your senses in the restorative freshness of eucalyptus as you rejuvenate mind and body. It’s the feeling of sun, surf, and a day at the beach, without the sand in your suit.</p>",MADE by DWC,,Bath Salt,"Bath Salt, procure",TRUE,Title,Default Title,,,,,0312MD-0002,453.59237,shopify,continue,manual,20,,TRUE,TRUE,,https://cdn.shopify.com/s/files/1/0896/7244/products/marina_bathsalt.jpg?v=1568238416,1,,FALSE,,,,,,,,,,,,,,,,,lb,,,,,active
,,,,,,,marina-bath-salts,,,,,,,,,,,,,,,,,,,,,,,,https://cdn.shopify.com/s/files/1/0896/7244/products/marina_angle.jpg?v=1568238416,2,,,,,,,,,,,,,,,,,,,,,,,,
,,,,,,,marina-bath-salts,,,,,,,,,,,,,,,,,,,,,,,,https://cdn.shopify.com/s/files/1/0896/7244/products/bothbathsalts.jpg?v=1568238416,3,,,,,,,,,,,,,,,,,,,,,,,,
$10.00,12,Bath & Body / Bath Salts,Please Select,Please Select,,,hollywoods-bath-salts,Hollywoods Bath Salts,<p>Nothing says calm like the soothing scent of lavender. Luxuriate in the fragrant aroma that’s reminiscent of a sublime flower-filled hike in Griffith park or Laurel Canyon.</p>,MADE by DWC,,Bath Salt,"Bath Salt, procure",TRUE,Title,Default Title,,,,,0312HW-0001,907.18474,shopify,continue,manual,20,,TRUE,TRUE,,https://cdn.shopify.com/s/files/1/0896/7244/products/hollywoods_bathsalt.jpg?v=1568238267,1,,FALSE,,,,,,,,,,,,,,,,,lb,,,,,active
,,,,,,,hollywoods-bath-salts,,,,,,,,,,,,,,,,,,,,,,,,https://cdn.shopify.com/s/files/1/0896/7244/products/hollywoods_angle.jpg?v=1568238267,2,,,,,,,,,,,,,,,,,,,,,,,,
,,,,,,,hollywoods-bath-salts,,,,,,,,,,,,,,,,,,,,,,,,https://cdn.shopify.com/s/files/1/0896/7244/products/bothbathsalts2.jpg?v=1568238267,3,,,,,,,,,,,,,,,,,,,,,,,,
$14.00,12,Home Fragrance / Candles,Gifts / Gift Bundles & Boxes,Please Select,,,candle-flights,Candle Flights,"<p>Enjoy a tour of our favorite Golden State scents with our Candle Flight collections. Includes three 2oz. soy candles.</p>
<p><span>FRESH: Nap Valley, Joshua Tea, Sacrameadow.</span></p>
<p>FLORAL: Lady Bird Groove, Sacrameadow, Joshua Tea.</p>
<p>EARTH: Half Moon Bae, Santa Cruise, Mojave Dessert</p>
<p>MUSK: Mojave Dessert, Big Sir, Half Moon Bae.</p>",MADE by DWC,,Candle,"Candle, procure",TRUE,Scents,Fresh,,,,,01FLFR-0002,907.18474,shopify,continue,manual,28,,TRUE,TRUE,,https://cdn.shopify.com/s/files/1/0896/7244/products/NTP8245.jpg?v=1571439314,1,,FALSE,,,,,,,,,,,,,,,,https://cdn.shopify.com/s/files/1/0896/7244/products/NTP8245.jpg?v=1571439314,lb,,,,,active
$14.00,12,,,,,,candle-flights,,,,,,,,,Floral,,,,,01FLFL-0003,907.18474,shopify,continue,manual,28,,TRUE,TRUE,,https://cdn.shopify.com/s/files/1/0896/7244/products/NTP8310.jpg?v=1571439314,2,,,,,,,,,,,,,,,,,,https://cdn.shopify.com/s/files/1/0896/7244/products/NTP8264.jpg?v=1571439314,lb,,,,,
$14.00,12,,,,,,candle-flights,,,,,,,,,Earth,,,,,01FLER-0004,907.18474,shopify,continue,manual,28,,TRUE,TRUE,,https://cdn.shopify.com/s/files/1/0896/7244/products/NTP8264.jpg?v=1571439314,3,,,,,,,,,,,,,,,,,,https://cdn.shopify.com/s/files/1/0896/7244/products/NTP8266.jpg?v=1571439314,lb,,,,,
$14.00,12,,,,,,candle-flights,,,,,,,,,Musk,,,,,01FLMK-0001,907.18474,shopify,continue,manual,28,,TRUE,TRUE,,https://cdn.shopify.com/s/files/1/0896/7244/products/NTP8308.jpg?v=1571439314,4,,,,,,,,,,,,,,,,,,https://cdn.shopify.com/s/files/1/0896/7244/products/NTP8279.jpg?v=1571439314,lb,,,,,
,,,,,,,candle-flights,,,,,,,,,,,,,,,,,,,,,,,,https://cdn.shopify.com/s/files/1/0896/7244/products/NTP8266.jpg?v=1571439314,5,,,,,,,,,,,,,,,,,,,,,,,,
,,,,,,,candle-flights,,,,,,,,,,,,,,,,,,,,,,,,https://cdn.shopify.com/s/files/1/0896/7244/products/NTP8302.jpg?v=1571439314,6,,,,,,,,,,,,,,,,,,,,,,,,
,,,,,,,candle-flights,,,,,,,,,,,,,,,,,,,,,,,,https://cdn.shopify.com/s/files/1/0896/7244/products/NTP8279.jpg?v=1571439314,7,,,,,,,,,,,,,,,,,,,,,,,,
,,,,,,,candle-flights,,,,,,,,,,,,,,,,,,,,,,,,https://cdn.shopify.com/s/files/1/0896/7244/products/NTP8291.jpg?v=1571439314,8,,,,,,,,,,,,,,,,,,,,,,,,
$9.00,12,Gifts / Stationary,Please Select,Please Select,,,journals,Journals,"<p>Our exquisite journals feature artwork from the women in our program. The journals are soft-covered with lined pages so you can write, draw, and doodle anything - - anytime, anywhere.</p>
<p>- Size 5 x 8<br>- Portrait oriented<br>- 80 Lined Pages</p>",MADE by DWC,,Stationery,"procure, Stationery",TRUE,Style,Dots,,,,,04JRDT-0001,453.59237,shopify,deny,manual,18,,TRUE,TRUE,,https://cdn.shopify.com/s/files/1/0896/7244/products/journals_group.jpg?v=1568225055,1,,FALSE,,,,,,,,,,,,,,,,https://cdn.shopify.com/s/files/1/0896/7244/products/journal1.jpg?v=1599011741,lb,,,,,active
$9.00,12,,,,,,journals,,,,,,,,,Fence,,,,,04JRFN - 0005,453.59237,shopify,deny,manual,18,,TRUE,TRUE,,https://cdn.shopify.com/s/files/1/0896/7244/products/journal1.jpg?v=1599011741,2,,,,,,,,,,,,,,,,,,https://cdn.shopify.com/s/files/1/0896/7244/products/FenceJournal.jpg?v=1599011741,lb,,,,,
$9.00,12,,,,,,journals,,,,,,,,,Geo,,,,,04JRGO-0003,453.59237,shopify,deny,manual,18,,TRUE,TRUE,,https://cdn.shopify.com/s/files/1/0896/7244/products/FenceJournal.jpg?v=1599011741,3,,,,,,,,,,,,,,,,,,https://cdn.shopify.com/s/files/1/0896/7244/products/journal3.jpg?v=1599011741,lb,,,,,
$9.00,12,,,,,,journals,,,,,,,,,Blur,,,,,04JRBL-0002,453.59237,shopify,deny,manual,18,,TRUE,TRUE,,https://cdn.shopify.com/s/files/1/0896/7244/products/journal3.jpg?v=1599011741,4,,,,,,,,,,,,,,,,,,https://cdn.shopify.com/s/files/1/0896/7244/products/journal2.jpg?v=1599011741,lb,,,,,
,,,,,,,journals,,,,,,,,,,,,,,,,,,,,,,,,https://cdn.shopify.com/s/files/1/0896/7244/products/journal2.jpg?v=1599011741,5,,,,,,,,,,,,,,,,,,,,,,,,
,,,,,,,journals,,,,,,,,,,,,,,,,,,,,,,,,https://cdn.shopify.com/s/files/1/0896/7244/products/journal4.jpg?v=1599011741,6,,,,,,,,,,,,,,,,,,,,,,,,
$12.00,12,Gifts / Stationary,Gifts / Gift Bundles & Boxes,Please Select,,,notebooks,Notebook Set,"<p>We’ve partnered with the masters at Paper Chase Press to offer exquisite notebooks featuring artwork from the women in our program. These journals feature 40 unlined pages and are available in sets of three.</p>
<p>- Each three pack features 2 notebooks with artwork + one solid color cover. </p>",MADE by DWC,,Stationery,"procure, Stationery",TRUE,Style,Geo,,,,,043NGO-0001,453.59237,shopify,deny,manual,24,,TRUE,TRUE,,https://cdn.shopify.com/s/files/1/0896/7244/products/journalset2.jpg?v=1651014028,1,,FALSE,,,,,,,,,,,,,,,,https://cdn.shopify.com/s/files/1/0896/7244/products/journalset2.jpg?v=1651014028,lb,,,,,active
,,,,,,,notebooks,,,,,,,,,Dots,,,,,043NDT-0002,453.59237,shopify,deny,manual,24,,TRUE,TRUE,,https://cdn.shopify.com/s/files/1/0896/7244/products/NTP0298.jpg?v=1651014028,2,,,,,,,,,,,,,,,,,,https://cdn.shopify.com/s/files/1/0896/7244/products/journalset1.jpg?v=1651014028,lb,,,,,
,,,,,,,notebooks,,,,,,,,,Fence,,,,,043NFN - 0004,453.59237,shopify,deny,manual,24,,TRUE,TRUE,,https://cdn.shopify.com/s/files/1/0896/7244/products/NTP0315.jpg?v=1651014028,3,,,,,,,,,,,,,,,,,,https://cdn.shopify.com/s/files/1/0896/7244/products/NTP0306.jpg?v=1651014028,lb,,,,,
,,,,,,,notebooks,,,,,,,,,,,,,,,,,,,,,,,,https://cdn.shopify.com/s/files/1/0896/7244/products/journalset1.jpg?v=1651014028,4,,,,,,,,,,,,,,,,,,,,,,,,
,,,,,,,notebooks,,,,,,,,,,,,,,,,,,,,,,,,https://cdn.shopify.com/s/files/1/0896/7244/products/NTP0322.jpg?v=1651014028,5,,,,,,,,,,,,,,,,,,,,,,,,
,,,,,,,notebooks,,,,,,,,,,,,,,,,,,,,,,,,https://cdn.shopify.com/s/files/1/0896/7244/products/NTP0306.jpg?v=1651014028,6,,,,,,,,,,,,,,,,,,,,,,,,
,,,,,,,notebooks,,,,,,,,,,,,,,,,,,,,,,,,https://cdn.shopify.com/s/files/1/0896/7244/products/NTP0334.jpg?v=1651014028,7,,,,,,,,,,,,,,,,,,,,,,,,
$17.00,12,Bath & Body / Bar Soap,Bath & Body / Bundle,Gifts / Gift Bundles & Boxes,,,soap-bundle-4pk-assortment,Soap Bundle - 3.5oz 4pk Assortment,"<p><span style=""font-weight: 400;""><span>This 4pk features all of our h</span>and-poured soaps, made</span><span style=""font-weight: 400;""> in small batches by the women in our job training program.</span></p>
<p><span style=""font-weight: 400;""><strong>Santa Cruise: </strong>Soothing, gentle Olive Oil and Vitamin E blend together with notes of eucalyptus and lavender evoking long afternoons on the shores of Santa Cruz where there’s nothing to do but breathe. </span></p>
<p><span style=""font-weight: 400;""><strong>Mojave Dessert:</strong> A true treat for your skin, with activated charcoal to draw out excess oil and impurities, and Goats Milk, Vitamin E, and Honey to keep skin silky soft. Indulge your senses in the sweet smell of warm desert earth and cedar. </span></p>
<p><span style=""font-weight: 400;""><strong>Joshua Tea:</strong> Our Goat’s Milk and Honey-based soap infused with Vitamin E. As you lather, sun-dried Earl Grey tea fills the air with a tinge of ripened citrus and notes of bergamot.</span></p>
<p><span style=""font-weight: 400;""><strong>Lady Bird Groove: </strong>Rose Clay and Mango Butter combine to create an earthier, skin-softening version of our candle scent - that rinses clean while absorbing excess oil from your skin. Bathe and breathe in deliciously fragrant gardenia, and night-blooming jasmine.</span></p>",MADE by DWC,,Soap,"procure, Soap",TRUE,Title,Default Title,,,,,0203AT-0005,793.7866475,shopify,continue,manual,34,,TRUE,TRUE,,https://cdn.shopify.com/s/files/1/0896/7244/products/NTP8359.jpg?v=1571694765,1,,FALSE,,,,,,,,,,,,,,,,,lb,,,,,active
,,,,,,,soap-bundle-4pk-assortment,,,,,,,,,,,,,,,,,,,,,,,,https://cdn.shopify.com/s/files/1/0896/7244/products/NTP8357.jpg?v=1571694765,2,,,,,,,,,,,,,,,,,,,,,,,,
,,,,,,,soap-bundle-4pk-assortment,,,,,,,,,,,,,,,,,,,,,,,,https://cdn.shopify.com/s/files/1/0896/7244/products/NTP8324.jpg?v=1571694765,3,,,,,,,,,,,,,,,,,,,,,,,,
,,,,,,,soap-bundle-4pk-assortment,,,,,,,,,,,,,,,,,,,,,,,,https://cdn.shopify.com/s/files/1/0896/7244/products/NTP8332.jpg?v=1571694765,4,,,,,,,,,,,,,,,,,,,,,,,,
$15.00,12,Home Fragrance / Candles,Please Select,Please Select,,,la-original-candles,LA Original Candles,"<p>In collaboration with the Mayor's Fund of Los Angeles and the Mayor's Office of Economic Development, LA Original was developed to celebrate Los Angeles as the creative capital of the world.</p>
<p>Our exclusive LA Original candles feature three unique scents that celebrate the geographic diversity and beauty of this great city:</p>
<ul>
<li>
<strong>City Lights: </strong><span>Take your candle journey to the stage with this mosaic of patchouli, oak harvest tobacco, and wild flowers.</span>
</li>
<li>
<strong>Canyon Sage:</strong> <span>Experience the calming fragrance of desert cactus flowers and sage nestled in warm hints of citrus.</span>
</li>
<li><span><strong>Coastal Breath:</strong> Tickle your nose with the essence of the salted ocean dew and soft floral hints of Jasmine.</span></li>
<li><span><strong>Desert Bloom:</strong> This palette of wildflowers, lavender, and musk is reminiscent of your favorite desert day trip during a late spring super bloom.</span></li>
</ul>
<p><span><strong>Fresh new look coming soon</strong></span></p>",MADE by DWC,,Candle,"LA Original, procure",TRUE,Scents,City Lights,,,,,01LOCL - 01PL,907.18474,shopify,continue,manual,30,,TRUE,TRUE,,https://cdn.shopify.com/s/files/1/0896/7244/products/IMG_0009.jpg?v=1636567843,1,,FALSE,,,,,,,,,,,,,,,,https://cdn.shopify.com/s/files/1/0896/7244/products/IMG_9987.jpg?v=1636567805,lb,,,,,active
,,,,,,,la-original-candles,,,,,,,,,Canyon Sage,,,,,01LOCS - 02PL,907.18474,shopify,continue,manual,30,,TRUE,TRUE,,https://cdn.shopify.com/s/files/1/0896/7244/products/IMG_0003.jpg?v=1636567805,2,,,,,,,,,,,,,,,,,,https://cdn.shopify.com/s/files/1/0896/7244/products/IMG_9991.jpg?v=1636567805,lb,,,,,
,,,,,,,la-original-candles,,,,,,,,,Coastal Breath,,,,,01LOCB - 03PL,907.18474,shopify,continue,manual,30,,TRUE,TRUE,,https://cdn.shopify.com/s/files/1/0896/7244/products/IMG_9991.jpg?v=1636567805,3,,,,,,,,,,,,,,,,,,https://cdn.shopify.com/s/files/1/0896/7244/products/IMG_0001.jpg?v=1636567805,lb,,,,,
,,,,,,,la-original-candles,,,,,,,,,Desert Bloom,,,,,01LODB - 04PL,907.18474,shopify,continue,manual,30,,TRUE,TRUE,,https://cdn.shopify.com/s/files/1/0896/7244/products/IMG_9987.jpg?v=1636567805,4,,,,,,,,,,,,,,,,,,https://cdn.shopify.com/s/files/1/0896/7244/products/IMG_0003.jpg?v=1636567805,lb,,,,,
,,,,,,,la-original-candles,,,,,,,,,,,,,,,,,,,,,,,,https://cdn.shopify.com/s/files/1/0896/7244/products/IMG_0001.jpg?v=1636567805,5,,,,,,,,,,,,,,,,,,,,,,,,
,,,,,,,la-original-candles,,,,,,,,,,,,,,,,,,,,,,,,https://cdn.shopify.com/s/files/1/0896/7244/products/IMG_9979.jpg?v=1636567805,6,,,,,,,,,,,,,,,,,,,,,,,,
,,,,,,,la-original-candles,,,,,,,,,,,,,,,,,,,,,,,,https://cdn.shopify.com/s/files/1/0896/7244/products/IMG_9983.jpg?v=1636567805,7,,,,,,,,,,,,,,,,,,,,,,,,
,,,,,,,la-original-candles,,,,,,,,,,,,,,,,,,,,,,,,https://cdn.shopify.com/s/files/1/0896/7244/products/IMG_9981.jpg?v=1636567805,8,,,,,,,,,,,,,,,,,,,,,,,,
,,,,,,,la-original-candles,,,,,,,,,,,,,,,,,,,,,,,,https://cdn.shopify.com/s/files/1/0896/7244/products/IMG_9986.jpg?v=1636567805,9,,,,,,,,,,,,,,,,,,,,,,,,
$22.00,12,Bath & Body / Bath Salts,Home Fragrance / Candles,Gifts / Gift Bundles & Boxes,Bath & Body / Bundle,,golden-state-gift-set-candle-bath-salt,Golden State Candle & Bath Salt Gift Sets,"<p>Our specially curate Golden State Gift Sets make the perfect gift for anyone in your life.<br></p>
<p><span style=""font-weight: 400;"" mce-data-marked=""1"">These sets include:</span></p>
<ul>
<li><span style=""font-weight: 400;"" mce-data-marked=""1"">(1) 6oz Soy Wax Candle</span></li>
<li><span style=""font-weight: 400;"" mce-data-marked=""1"">(1) 12oz Bath Salts</span></li>
</ul>
<p><span style=""font-weight: 400;"" mce-data-marked=""1"">Available in the following scent options</span></p>
<ul>
<li><span style=""font-weight: 400;"" mce-data-marked=""1"">Joshua Tea 6oz Candle + Hollywoods 12oz Bath Salts</span></li>
<li><span style=""font-weight: 400;"" mce-data-marked=""1"">Lady Bird Groove 6oz Candle + Hollywoods 12oz Bath Salts</span></li>
<li><span style=""font-weight: 400;"" mce-data-marked=""1"">Santa Cruise 6oz Candle + Marina Del Ray 12oz Bath Salts</span></li>
<li><span style=""font-weight: 400;"" mce-data-marked=""1"">Mojave Dessert 6oz Candle + Marina Del Ray 12oz Bath Salts</span></li>
</ul>
<ul></ul>
<p> </p>",MADE by DWC,,Gift Sets,"Bath Salt, Candle, Gift Sets, procure",TRUE,Size,Joshua Tea + Hollywoods,,,,,05CBJT-0001,1814.36948,shopify,continue,manual,44,,TRUE,TRUE,,https://cdn.shopify.com/s/files/1/0896/7244/products/NTP8537_bff2bc2f-af1a-47a3-a518-dff2e3c96db1.jpg?v=1591913683,1,,FALSE,,,,,,,,,,,,,,,,https://cdn.shopify.com/s/files/1/0896/7244/products/NTP8537_bff2bc2f-af1a-47a3-a518-dff2e3c96db1.jpg?v=1591913683,lb,,,,,active
,,,,,,,golden-state-gift-set-candle-bath-salt,,,,,,,,,Lady Bird Groove + Hollywoods,,,,,05CBLB-0002,1814.36948,shopify,continue,manual,44,,TRUE,TRUE,,https://cdn.shopify.com/s/files/1/0896/7244/products/NTP8584_09a61933-99e4-43e7-875d-984d89633cf5.jpg?v=1591913683,2,,,,,,,,,,,,,,,,,,https://cdn.shopify.com/s/files/1/0896/7244/products/NTP8547_be7ae590-a106-4e88-9714-112cd230bbe5.jpg?v=1591913683,lb,,,,,
,,,,,,,golden-state-gift-set-candle-bath-salt,,,,,,,,,Santa Cruise + Marina Del Ray,,,,,05CBSC-0004,1814.36948,shopify,continue,manual,44,,TRUE,TRUE,,https://cdn.shopify.com/s/files/1/0896/7244/products/NTP8547_be7ae590-a106-4e88-9714-112cd230bbe5.jpg?v=1591913683,3,,,,,,,,,,,,,,,,,,https://cdn.shopify.com/s/files/1/0896/7244/products/NTP8527.jpg?v=1591913683,lb,,,,,
,,,,,,,golden-state-gift-set-candle-bath-salt,,,,,,,,,Mojave Dessert + Marina Del Ray,,,,,05CBMD-0003,1814.36948,shopify,continue,manual,44,,TRUE,TRUE,,https://cdn.shopify.com/s/files/1/0896/7244/products/NTP8584-2.jpg?v=1591913683,4,,,,,,,,,,,,,,,,,,https://cdn.shopify.com/s/files/1/0896/7244/products/NTP8516.jpg?v=1591913683,lb,,,,,
,,,,,,,golden-state-gift-set-candle-bath-salt,,,,,,,,,,,,,,,,,,,,,,,,https://cdn.shopify.com/s/files/1/0896/7244/products/NTP8527.jpg?v=1591913683,5,,,,,,,,,,,,,,,,,,,,,,,,
,,,,,,,golden-state-gift-set-candle-bath-salt,,,,,,,,,,,,,,,,,,,,,,,,https://cdn.shopify.com/s/files/1/0896/7244/products/NTP8586.jpg?v=1591913683,6,,,,,,,,,,,,,,,,,,,,,,,,
,,,,,,,golden-state-gift-set-candle-bath-salt,,,,,,,,,,,,,,,,,,,,,,,,https://cdn.shopify.com/s/files/1/0896/7244/products/NTP8516.jpg?v=1591913683,7,,,,,,,,,,,,,,,,,,,,,,,,
,,,,,,,golden-state-gift-set-candle-bath-salt,,,,,,,,,,,,,,,,,,,,,,,,https://cdn.shopify.com/s/files/1/0896/7244/products/NTP8589.jpg?v=1591913683,8,,,,,,,,,,,,,,,,,,,,,,,,
$16.50,12,Home Fragrance / Candles,Bath & Body / Bar Soap,Bath & Body / Bundle,Gifts / Gift Bundles & Boxes,,golden-state-gift-set-candle-soap,Golden State Candle & Soap Gift Sets,"<p>Our specially curate Golden State Gift Sets make the perfect gift for anyone in your life.<br></p>
<p><span>These sets include:</span></p>
<ul>
<li><span>(1) 6oz Soy Wax Candle</span></li>
<li><span>(1) 3.5oz Artisan Soap</span></li>
</ul>
<p><span>Available in the following scent options</span></p>
<ul>
<li><span>Joshua Tea 6oz Candle +Joshua Tea 3.5oz Artisan Soap</span></li>
<li><span>Lady Bird Groove 6oz Candle + Lady Bird Groove 3.5oz Artisan Soap</span></li>
<li><span>Santa Cruise 6oz Candle + Santa Cruise 3.5oz Artisan Soap</span></li>
<li><span>Mojave Dessert 6oz Candle + Mojave Dessert <strong>﻿</strong>﻿3.5oz Artisan Soap</span></li>
</ul>",MADE by DWC,,Gift Sets,"Candle, Gift Sets, procure, Soap",TRUE,Scent,Joshua Tea,,,,,05CSJT-0001,907.18474,shopify,continue,manual,33,,TRUE,TRUE,,https://cdn.shopify.com/s/files/1/0896/7244/products/NTP8496.jpg?v=1578100778,1,,FALSE,,,,,,,,,,,,,,,,https://cdn.shopify.com/s/files/1/0896/7244/products/NTP8496.jpg?v=1578100778,lb,,,,,active
,,,,,,,golden-state-gift-set-candle-soap,,,,,,,,,Lady Bird Groove,,,,,05CSLB-0002,907.18474,shopify,continue,manual,33,,TRUE,TRUE,,https://cdn.shopify.com/s/files/1/0896/7244/products/NTP8591.jpg?v=1578100778,2,,,,,,,,,,,,,,,,,,https://cdn.shopify.com/s/files/1/0896/7244/products/NTP8508_545ead3b-a462-4e03-b2c9-d4af11a207d3.jpg?v=1578100778,lb,,,,,
,,,,,,,golden-state-gift-set-candle-soap,,,,,,,,,Santa Cruise,,,,,05CSSC-0004,907.18474,shopify,continue,manual,33,,TRUE,TRUE,,https://cdn.shopify.com/s/files/1/0896/7244/products/NTP8508_545ead3b-a462-4e03-b2c9-d4af11a207d3.jpg?v=1578100778,3,,,,,,,,,,,,,,,,,,https://cdn.shopify.com/s/files/1/0896/7244/products/NTP8489.jpg?v=1578100778,lb,,,,,
,,,,,,,golden-state-gift-set-candle-soap,,,,,,,,,Mojave Dessert,,,,,05CSMD-0003,907.18474,shopify,continue,manual,33,,TRUE,TRUE,,https://cdn.shopify.com/s/files/1/0896/7244/products/NTP8593_2635ab32-8a66-4379-b912-b82c2ee4cf3f.jpg?v=1578100778,4,,,,,,,,,,,,,,,,,,https://cdn.shopify.com/s/files/1/0896/7244/products/NTP8466.jpg?v=1578100778,lb,,,,,
,,,,,,,golden-state-gift-set-candle-soap,,,,,,,,,,,,,,,,,,,,,,,,https://cdn.shopify.com/s/files/1/0896/7244/products/NTP8489.jpg?v=1578100778,5,,,,,,,,,,,,,,,,,,,,,,,,
,,,,,,,golden-state-gift-set-candle-soap,,,,,,,,,,,,,,,,,,,,,,,,https://cdn.shopify.com/s/files/1/0896/7244/products/NTP8595.jpg?v=1578100778,6,,,,,,,,,,,,,,,,,,,,,,,,
,,,,,,,golden-state-gift-set-candle-soap,,,,,,,,,,,,,,,,,,,,,,,,https://cdn.shopify.com/s/files/1/0896/7244/products/NTP8466.jpg?v=1578100778,7,,,,,,,,,,,,,,,,,,,,,,,,
,,,,,,,golden-state-gift-set-candle-soap,,,,,,,,,,,,,,,,,,,,,,,,https://cdn.shopify.com/s/files/1/0896/7244/products/NTP8596.jpg?v=1578100778,8,,,,,,,,,,,,,,,,,,,,,,,,
$26.50,12,Bath & Body / Bar Soap,Bath & Body / Bath Salts,Home Fragrance / Candles,Gifts / Gift Bundles & Boxes,Bath & Body / Bundle,golden-state-gift-set-candle-soap-bath-salt,"Golden State Candle, Soap + Bath Salt Gift Sets","<p>Our specially curate Golden State Gift Sets make the perfect gift for anyone in your life.<br></p>
<p><span>These sets include:</span></p>
<ul>
<li><span>(1) 6oz Soy Wax Candle</span></li>
<li><span>(1) 3.5oz Artisan Soap</span></li>
<li>(1) 12oz Bath Salt</li>
</ul>
<p><span>Available in the following scent options</span></p>
<ul>
<li><span>Joshua Tea 6oz Candle +Joshua Tea 3.5oz Artisan Soap + Hollywoods 12oz Bath Salts</span></li>
<li><span>Lady Bird Groove 6oz Candle + Lady Bird Groove 3.5oz Artisan Soap + Hollywoods 12oz Bath Salts</span></li>
<li><span>Santa Cruise 6oz Candle + Santa Cruise 3.5oz Artisan Soap + Marina Del Ray 12oz Bath Salts</span></li>
<li><span>Mojave Dessert 6oz Candle + Mojave Dessert <strong>﻿</strong>﻿3.5oz Artisan Soap + Marina Del Ray 12oz Bath Salts</span></li>
</ul>",MADE by DWC,,Gift Sets,"Candle, Gift Sets, procure, Soap",TRUE,Size,Joshua Tea + Hollywoods,,,,,053PJT-0001,2267.96185,shopify,continue,manual,53,,TRUE,TRUE,,https://cdn.shopify.com/s/files/1/0896/7244/products/NTP9415.jpg?v=1578101090,1,,FALSE,,,,,,,,,,,,,,,,https://cdn.shopify.com/s/files/1/0896/7244/products/NTP9415.jpg?v=1578101090,lb,,,,,active
,,,,,,,golden-state-gift-set-candle-soap-bath-salt,,,,,,,,,Lady Bird Groove + Hollywoods,,,,,053PLB-0002,2267.96185,shopify,continue,manual,53,,TRUE,TRUE,,https://cdn.shopify.com/s/files/1/0896/7244/products/NTP8576.jpg?v=1578101090,2,,,,,,,,,,,,,,,,,,https://cdn.shopify.com/s/files/1/0896/7244/products/NTP8568_70bdcb4d-a6f7-49ac-bf9b-b0450ba0f0e9.jpg?v=1578101090,lb,,,,,
,,,,,,,golden-state-gift-set-candle-soap-bath-salt,,,,,,,,,Santa Cruise + Marina Del Ray,,,,,053PSC-0004,2267.96185,shopify,continue,manual,53,,TRUE,TRUE,,https://cdn.shopify.com/s/files/1/0896/7244/products/NTP8568_70bdcb4d-a6f7-49ac-bf9b-b0450ba0f0e9.jpg?v=1578101090,3,,,,,,,,,,,,,,,,,,https://cdn.shopify.com/s/files/1/0896/7244/products/NTP8562.jpg?v=1578101090,lb,,,,,
,,,,,,,golden-state-gift-set-candle-soap-bath-salt,,,,,,,,,Mojave Dessert + Marina Del Ray,,,,,053PMD003,2267.96185,shopify,continue,manual,53,,TRUE,TRUE,,https://cdn.shopify.com/s/files/1/0896/7244/products/NTP8571_0fde30da-e640-464e-98a2-f09f0c5efa99.jpg?v=1578101090,4,,,,,,,,,,,,,,,,,,https://cdn.shopify.com/s/files/1/0896/7244/products/NTP8554.jpg?v=1578101090,lb,,,,,
,,,,,,,golden-state-gift-set-candle-soap-bath-salt,,,,,,,,,,,,,,,,,,,,,,,,https://cdn.shopify.com/s/files/1/0896/7244/products/NTP8562.jpg?v=1578101090,5,,,,,,,,,,,,,,,,,,,,,,,,
,,,,,,,golden-state-gift-set-candle-soap-bath-salt,,,,,,,,,,,,,,,,,,,,,,,,https://cdn.shopify.com/s/files/1/0896/7244/products/NTP8578.jpg?v=1578101090,6,,,,,,,,,,,,,,,,,,,,,,,,
,,,,,,,golden-state-gift-set-candle-soap-bath-salt,,,,,,,,,,,,,,,,,,,,,,,,https://cdn.shopify.com/s/files/1/0896/7244/products/NTP8554.jpg?v=1578101090,7,,,,,,,,,,,,,,,,,,,,,,,,
,,,,,,,golden-state-gift-set-candle-soap-bath-salt,,,,,,,,,,,,,,,,,,,,,,,,https://cdn.shopify.com/s/files/1/0896/7244/products/NTP8580.jpg?v=1578101090,8,,,,,,,,,,,,,,,,,,,,,,,,
$26.00,12,Home Fragrance / Candles,Gifts / Gift Bundles & Boxes,Please Select,,,trailblazer-set,Trailblazer Set,"<p><span data-contrast=""none"">In celebration of the women who forged a path, we created our Trailblazer Set. The perfect gift for the torchbearers in your life.</span><span data-ccp-props='{""201341983"":1,""335559739"":160,""335559740"":315}'> Includes three 2oz. soy candles.</span></p>
<ul>
<li>
<b><span data-contrast=""none"">Trailblazer Pioneer:</span></b><span data-contrast=""none""> Reminiscent of coasts and campfires, this set pairs our Musk and Earth candle flights with ethically sourced palo santo and sage.</span><span data-ccp-props='{""201341983"":1,""335559685"":720,""335559739"":160,""335559740"":315}'> </span>
</li>
<ul>
<li data-aria-level=""1"" data-aria-posinset=""8"" data-listid=""7"" data-font=""Calibri"" data-leveltext=""-"">
<span data-contrast=""none"">Sage &amp; Palo Santo smudges with a Musk or Earth Flight</span><span data-ccp-props='{""201341983"":1,""335559685"":1800,""335559739"":160,""335559740"":315}'> </span>
</li>
</ul>
</ul>
<ul>
<li>
<em>New!</em><b><span data-contrast=""none""> Trailblazer Groundbreaker:</span></b><span data-contrast=""none"">Hint of tropical vanilla forests, this set pairs our Fresh and Floral candle flights with ethically sourced sage with Mullein flower blooms.</span><span data-ccp-props='{""201341983"":1,""335559685"":720,""335559739"":160,""335559740"":315}'> </span>
</li>
<ul>
<li data-aria-level=""1"" data-aria-posinset=""8"" data-listid=""7"" data-font=""Calibri"" data-leveltext=""-"">
<span data-contrast=""none"">Sage and Flower smudge with a Fresh or Floral Flight</span><span data-ccp-props='{""201341983"":1,""335559685"":1800,""335559739"":160,""335559740"":315}'> </span>
</li>
</ul>
</ul>
<p> </p>
<ul></ul>",MADE by DWC,,Gift Sets,"Candle, Father's Day, Gift Sets, procure",TRUE,Scent,Pioneer - Earth,,,,,05TPEA - 1001,42.52428469,shopify,continue,manual,52,,TRUE,TRUE,,https://cdn.shopify.com/s/files/1/0896/7244/products/newproduct_4x5in_4_1a97591c-a9a2-451c-a50d-ca1ba071275d.png?v=1652391215,1,,FALSE,,,,,,,,,,,,,,,,https://cdn.shopify.com/s/files/1/0896/7244/products/NTP1080.jpg?v=1652391215,oz,,,,,active
,,,,,,,trailblazer-set,,,,,,,,,Pioneer - Musk,,,,,05TPMU - 1000,680.388555,shopify,continue,manual,52,,TRUE,TRUE,,https://cdn.shopify.com/s/files/1/0896/7244/products/NTP1070.jpg?v=1652391215,2,,,,,,,,,,,,,,,,,,https://cdn.shopify.com/s/files/1/0896/7244/products/NTP1070.jpg?v=1652391215,lb,,,,,
,,,,,,,trailblazer-set,,,,,,,,,Groundbreaker - Fresh,,,,,05TGFL - 1003,680.388555,shopify,continue,manual,52,,TRUE,TRUE,,https://cdn.shopify.com/s/files/1/0896/7244/products/NTP1080.jpg?v=1652391215,3,,,,,,,,,,,,,,,,,,https://cdn.shopify.com/s/files/1/0896/7244/products/newproduct_4x5in_4_1a97591c-a9a2-451c-a50d-ca1ba071275d.png?v=1652391215,lb,,,,,
,,,,,,,trailblazer-set,,,,,,,,,Groundbreaker - Floral,,,,,05TGFL - 1002,680.388555,shopify,continue,manual,52,,TRUE,TRUE,,https://cdn.shopify.com/s/files/1/0896/7244/products/newproduct_4x5in_1_9e4bd5c1-d52b-4b61-a697-f2071c47f619.png?v=1648827705,4,,,,,,,,,,,,,,,,,,https://cdn.shopify.com/s/files/1/0896/7244/products/newproduct_4x5in_1_9e4bd5c1-d52b-4b61-a697-f2071c47f619.png?v=1648827705,lb,,,,,
,,,,,,,trailblazer-set,,,,,,,,,,,,,,,,,,,,,,,,https://cdn.shopify.com/s/files/1/0896/7244/products/newproduct_4x5in_3_c748e09b-8689-4d66-a6fe-390dc94f339b.png?v=1648827715,5,,,,,,,,,,,,,,,,,,,,,,,,
$24.00,12,Home Fragrance / Candles,Gifts / Gift Bundles & Boxes,Please Select,,,create-a-candle-case-packs,Create-A-Candle Case Packs,"<p>Make your own candle creations using our kit that comes with everything you need, including:</p>
<ul>
<ul>
<li style=""font-weight: 400;""><span style=""font-weight: 400;"">Three 5oz pre-wicked vessels</span></li>
<li style=""font-weight: 400;""><span style=""font-weight: 400;"">16oz of all-natural soy wax</span></li>
<li style=""font-weight: 400;""><span style=""font-weight: 400;"">Fragrance oil</span></li>
<ul>
<li style=""font-weight: 400;""><span style=""font-weight: 400;"">White Sage &amp; Lavender - <strong data-mce-fragment=""1"">NEW</strong></span></li>
<li style=""font-weight: 400;""><span style=""font-weight: 400;"">Night Blooming Jasmine - <strong data-mce-fragment=""1"">NEW</strong></span></li>
<li style=""font-weight: 400;""><span style=""font-weight: 400;"">CAC Assorted Case 6ea scent (SL + NJ) - <strong>NEW</strong></span></li>
</ul>
</ul>
</ul>",MADE by DWC,,Candle,"Candle, Gift Sets, Gratitude Gifting, MADEBrand, procure, Wholesale, wholesale-only",TRUE,Scents,Night Blooming Jasmine Case,,,,,01CC NJ - 0007C,16329.32532,,continue,manual,576,,TRUE,TRUE,,https://cdn.shopify.com/s/files/1/0896/7244/products/NTP8639_0d9949dd-c4b4-4a6b-95cc-75ed9ddb18d1.jpg?v=1599021602,1,,FALSE,,,,,,,,,,,,,,,,https://cdn.shopify.com/s/files/1/0896/7244/products/NTP8639_0d9949dd-c4b4-4a6b-95cc-75ed9ddb18d1.jpg?v=1599021602,lb,,,,,active
,,,,,,,create-a-candle-case-packs,,,,,,,,,White Sage & Lavender Case,,,,,01CC SL - 0008C,16329.32532,,continue,manual,576,,TRUE,TRUE,,https://cdn.shopify.com/s/files/1/0896/7244/products/NTP8649.jpg?v=1599021602,2,,,,,,,,,,,,,,,,,,https://cdn.shopify.com/s/files/1/0896/7244/products/NTP8639_0d9949dd-c4b4-4a6b-95cc-75ed9ddb18d1.jpg?v=1599021602,lb,,,,,
,,,,,,,create-a-candle-case-packs,,,,,,,,,CAC Asst Case (NJ + SL),,,,,01CC AC - 0009C,16329.32532,,continue,manual,576,,TRUE,TRUE,,,,,,,,,,,,,,,,,,,,,https://cdn.shopify.com/s/files/1/0896/7244/products/NTP8639_0d9949dd-c4b4-4a6b-95cc-75ed9ddb18d1.jpg?v=1599021602,lb,,,,,
$45.00,12,Home Fragrance / Candles,Gifts / Gift Bundles & Boxes,Please Select,,,la-love-gift-set,LA LOVE Gift Set,"<p><strong></strong>Buy 3 and get one free!</p>
<p>From the city to the canyons, from the coast to the dessert, it's all love in LA.</p>
<p><b></b><span style=""font-weight: 400;"">As a show of support for our Angelino family, that has to stay safe at home for a couple more weeks, we’ve launched a special kit featuring our favorite LA Original candles, so you can bring the outside in!</span></p>
<p><span style=""font-weight: 400;"">In collaboration with the Mayor's Fund of Los Angeles and the Mayor's Office of Economic Development, LA Original was developed to celebrate Los Angeles as the creative capital of the world. Our exclusive LA Original candles feature four unique scents that celebrate the geographic diversity and beauty of this great city:</span></p>
<p><b><i>This gift set includes:</i></b></p>
<ul>
<li>Canyon Sage: A calming fragrance of desert cactus flowers and sage nestled in warm hints of citrus.</li>
<li>Coastal Breath: The essence of salty ocean dew and soft floral hints of Jasmine.</li>
<li>City Lights: A mosaic of patchouli, oak harvest tobacco, and wildflowers.</li>
<li><span style=""font-weight: 400;"">Desert Bloom: <meta charset=""utf-8""> <span data-mce-fragment=""1"">This palette of wildflowers, lavender, and musk is reminiscent of your favorite desert day trip during a late spring super bloom.</span></span></li>
</ul>
<p><strong>Fresh new look coming soon</strong></p>
<p> </p>",MADE by DWC,,Candle,procure,TRUE,Title,Default Title,,,,,05LOLK - 06PL,0,shopify,continue,manual,90,,TRUE,TRUE,,https://cdn.shopify.com/s/files/1/0896/7244/products/IMG_0009_d3af1ada-1639-4d62-84fa-0abdc38753bf.jpg?v=1636567944,1,,FALSE,,,,,,,,,,,,,,,,,lb,,,,,active
,,,,,,,la-love-gift-set,,,,,,,,,,,,,,,,,,,,,,,,https://cdn.shopify.com/s/files/1/0896/7244/products/IMG_0010.jpg?v=1636567944,2,,,,,,,,,,,,,,,,,,,,,,,,
$9.00,12,Food & Beverage / Coffee,Please Select,Please Select,,,single-origin-certified-organic-coffee,Organic Coffee,"<p data-mce-fragment=""1""><span style=""font-weight: 400;"" data-mce-fragment=""1"" data-mce-style=""font-weight: 400;""><meta charset=""utf-8""> <span>Enjoy MADE by DWC’s organic coffee from the warmth of your own home.</span></span></p>
<p data-mce-fragment=""1""><span style=""font-weight: 400;"" data-mce-fragment=""1"" data-mce-style=""font-weight: 400;"">Uganda Roast Coffee is a certified-organic, light roast made in small batches by our partners in Seattle, Washington.<br></span>      Notes of Plum, Red Berry &amp; Caramel</p>
<p data-mce-fragment=""1""><span style=""font-weight: 400;"" data-mce-style=""font-weight: 400;"" data-mce-fragment=""1"">Papua New Guinea Roast Coffee is a certified-organic, medium-dark blend that has been roasted and ground in small batches by our partners in Seattle, Washington. <br></span><span style=""font-weight: 400;"" data-mce-style=""font-weight: 400;"" data-mce-fragment=""1"">      Notes of Cedar, Spice &amp; Citrus</span></p>
<p data-mce-fragment=""1""><span style=""font-weight: 400;"" data-mce-fragment=""1"" data-mce-style=""font-weight: 400;"">Size: 12oz Bag, Ground</span></p>",MADE by DWC,,Coffee,procure,TRUE,Roast,Uganda,,,,,07PCLU - 0001,0,shopify,deny,manual,18,,TRUE,TRUE,,https://cdn.shopify.com/s/files/1/0896/7244/products/IMG_5325.jpg?v=1663276585,1,,FALSE,,,,,,,,,,,,,,,,https://cdn.shopify.com/s/files/1/0896/7244/products/IMG_5306_93f88e45-bfc3-4ec9-9897-195f411d7f96.jpg?v=1663276585,lb,,,,,active
,,,,,,,single-origin-certified-organic-coffee,,,,,,,,,Papa New Guinea,,,,,07PCMP - 0002,0,shopify,deny,manual,18,,TRUE,TRUE,,https://cdn.shopify.com/s/files/1/0896/7244/products/IMG_5306_93f88e45-bfc3-4ec9-9897-195f411d7f96.jpg?v=1663276585,2,,,,,,,,,,,,,,,,,,https://cdn.shopify.com/s/files/1/0896/7244/products/IMG_5322_0bd0d67e-da2a-4ce3-bc9f-7862e7856b8a.jpg?v=1663276585,lb,,,,,
,,,,,,,single-origin-certified-organic-coffee,,,,,,,,,,,,,,,,,,,,,,,,https://cdn.shopify.com/s/files/1/0896/7244/products/IMG_5322_0bd0d67e-da2a-4ce3-bc9f-7862e7856b8a.jpg?v=1663276585,3,,,,,,,,,,,,,,,,,,,,,,,,
,,,,,,,single-origin-certified-organic-coffee,,,,,,,,,,,,,,,,,,,,,,,,https://cdn.shopify.com/s/files/1/0896/7244/products/NTP8017_791a40de-74b6-4876-ac94-7916a7e9b950.jpg?v=1634756568,4,,,,,,,,,,,,,,,,,,,,,,,,
$19.00,12,Home Fragrance / Candles,Food & Beverage / Coffee,Gifts / Gift Bundles & Boxes,,,copy-of-morning-fog-gift-set,Morning Fog Gift Set Case Pack,"<p>1 Case Pack comes with 12 gift sets. </p>
<p><meta charset=""utf-8""><span data-contrast=""auto"">Create the perfect vibe for a focused morning with our Morning Fog gift set. It includes (1) 12oz. bag of our </span><i><span data-contrast=""auto"">organic, single-origin coffee</span></i><span data-contrast=""auto""> and our </span><i><span data-contrast=""auto"">special edition </span></i><span data-contrast=""auto"">Maliboo Canyon candle that is </span><i><span data-contrast=""auto"">espresso-scented </span></i><span data-contrast=""auto"">and poured into a tin</span><span data-contrast=""auto"">. It arrives in a box, ready to gift.</span><span data-ccp-props='{""201341983"":0,""335559739"":160,""335559740"":259}'> </span></p>
<ul>
<li data-aria-level=""1"" data-aria-posinset=""2"" data-listid=""12"" data-font=""Symbol"" data-leveltext=""""><span data-contrast=""auto"">Coffee offered in light and medium/dark roast</span></li>
<li data-aria-level=""1"" data-aria-posinset=""1"" data-listid=""12"" data-font=""Symbol"" data-leveltext="""">
<span data-contrast=""auto"">Candle is 6oz, soy wax, cotton wick</span><span data-ccp-props='{""134233279"":true,""201341983"":0,""335551550"":1,""335551620"":1,""335559685"":720,""335559737"":0,""335559739"":160,""335559740"":259,""335559991"":360}'> </span>
</li>
<li data-aria-level=""1"" data-aria-posinset=""2"" data-listid=""12"" data-font=""Symbol"" data-leveltext="""">
<span data-contrast=""auto"">Maliboo Canyon was a special edition scent that sold out last fall. It features notes of Espresso, Vanilla, &amp; Oak.</span><span data-ccp-props='{""134233279"":true,""201341983"":0,""335551550"":1,""335551620"":1,""335559685"":720,""335559737"":0,""335559739"":160,""335559740"":259,""335559991"":360}'> </span>
</li>
</ul>",MADE by DWC,,Coffee,"Gratitude Gifting, MADEBrand, procure, Wholesale, wholesale-only",TRUE,Coffee Roast,Uganda Light Roast,,,,,05MFMU-0002C,15875.73295,shopify,deny,manual,456,,TRUE,TRUE,,https://cdn.shopify.com/s/files/1/0896/7244/products/IMG_5435_d7f94f94-761e-432e-bb91-cba9e08a8046.jpg?v=1634683897,1,,FALSE,,,,,,,,,,,,,,,,https://cdn.shopify.com/s/files/1/0896/7244/products/IMG_5437_b97ceabc-8bf3-4600-ad4e-910de506685c.jpg?v=1634683897,lb,,,,,active
,,,,,,,copy-of-morning-fog-gift-set,,,,,,,,,Papa New Guinea Medium/Dark Roast,,,,,05MFMP-0001C,15875.73295,shopify,deny,manual,456,,TRUE,TRUE,,https://cdn.shopify.com/s/files/1/0896/7244/products/IMG_5437_b97ceabc-8bf3-4600-ad4e-910de506685c.jpg?v=1634683897,2,,,,,,,,,,,,,,,,,,https://cdn.shopify.com/s/files/1/0896/7244/products/IMG_5435_d7f94f94-761e-432e-bb91-cba9e08a8046.jpg?v=1634683897,lb,,,,,
,,,,,,,copy-of-morning-fog-gift-set,,,,,,,,,,,,,,,,,,,,,,,,https://cdn.shopify.com/s/files/1/0896/7244/products/IMG_5443_91ca0c84-3d44-4492-9687-f3f35d26047d.jpg?v=1633651486,3,,,,,,,,,,,,,,,,,,,,,,,,
,,,,,,,copy-of-morning-fog-gift-set,,,,,,,,,,,,,,,,,,,,,,,,https://cdn.shopify.com/s/files/1/0896/7244/products/IMG_5444_a77c6a1e-5c33-427d-8fed-2b622cc50d81.jpg?v=1633651486,4,,,,,,,,,,,,,,,,,,,,,,,,
,,,,,,,copy-of-morning-fog-gift-set,,,,,,,,,,,,,,,,,,,,,,,,https://cdn.shopify.com/s/files/1/0896/7244/products/IMG_1800_e2d230a4-a1fb-4738-9c6c-0a18dca10b73.jpg?v=1633651486,5,,,,,,,,,,,,,,,,,,,,,,,,
,,,,,,,copy-of-morning-fog-gift-set,,,,,,,,,,,,,,,,,,,,,,,,https://cdn.shopify.com/s/files/1/0896/7244/products/IMG_1784_e7632af9-0311-419e-893e-6df8bffcc973.jpg?v=1633651486,6,,,,,,,,,,,,,,,,,,,,,,,,
$25.00,12,Home Fragrance / Candles,Please Select,Please Select,,,xca-x-made-by-dwc,XCA x MADE by DWC Artisan Candle,"<meta charset=""utf-8"">
<p data-mce-fragment=""1""><b data-mce-fragment=""1""><span data-mce-fragment=""1"" data-contrast=""auto"">Enjoy our new Limited-Edition Holiday Candle in Collaboration with XCA! </span></b><span data-mce-fragment=""1"" data-contrast=""auto"">These ceramic vessels are custom designed for MADE by DWC by a local woman-owned business, <a href=""https://xcahome.wordpress.com/"" target=""_blank"" rel=""noopener noreferrer"">XCA ceramics</a>. These are the perfect eco-friendly gift to be re-purposed as planters, pencil holders, and much more after burning!</span></p>
<p data-mce-fragment=""1""><b data-mce-fragment=""1""><span data-mce-fragment=""1"" data-contrast=""auto"">Variants: </span></b><span data-mce-fragment=""1"" data-ccp-props='{""201341983"":0,""335559739"":160,""335559740"":259}'> </span></p>
<ul data-mce-fragment=""1"">
<li data-mce-fragment=""1"" data-leveltext="""" data-font=""Symbol"" data-listid=""5"" data-aria-posinset=""1"" data-aria-level=""1"">
<span data-mce-fragment=""1"" data-contrast=""auto"">White Ceramic – Joshua Tea</span><span data-mce-fragment=""1"" data-ccp-props='{""134233279"":true,""201341983"":0,""335559739"":160,""335559740"":259}'> Scent (<em>Notes of Black Tea, Orange &amp; Bergamot</em>)</span>
</li>
<li data-mce-fragment=""1"" data-leveltext="""" data-font=""Symbol"" data-listid=""5"" data-aria-posinset=""2"" data-aria-level=""1"">
<span data-mce-fragment=""1"" data-contrast=""auto"">Black Ceramic – Santa Cruise</span><span data-mce-fragment=""1"" data-ccp-props='{""134233279"":true,""201341983"":0,""335559739"":160,""335559740"":259}'> Scent (<em>Notes of Eucalyptus, Vetiver &amp; Sandalwood</em>)</span>
</li>
<li data-mce-fragment=""1"" data-leveltext="""" data-font=""Symbol"" data-listid=""5"" data-aria-posinset=""3"" data-aria-level=""1"">
<span data-mce-fragment=""1"" data-contrast=""auto"">Terra Cotta Ceramic – Mojave Dessert</span><span data-mce-fragment=""1"" data-ccp-props='{""134233279"":true,""201341983"":0,""335559739"":160,""335559740"":259}'> Scent (<em>Notes of Patchouli, Amber &amp; Cedar</em>)</span>
</li>
</ul>",MADE by DWC,,Candle,procure,TRUE,Style,Terra Cotta Ceramic- Mojave Dessert Scent,,,,,Mojave Dessert: 01XCMD–0002,0,shopify,deny,manual,50,,TRUE,TRUE,,https://cdn.shopify.com/s/files/1/0896/7244/products/IMG_1155_3c29eef4-c603-424d-8a5c-5dfdb303aecb.jpg?v=1638377475,1,,FALSE,,,,,,,,,,,,,,,,https://cdn.shopify.com/s/files/1/0896/7244/products/IMG_1155_3c29eef4-c603-424d-8a5c-5dfdb303aecb.jpg?v=1638377475,lb,,,,,active
,,,,,,,xca-x-made-by-dwc,,,,,,,,,Black Ceramic- Santa Cruise Scent,,,,,Santa Cruise: 01XCSC-0003,0,shopify,deny,manual,50,,TRUE,TRUE,,https://cdn.shopify.com/s/files/1/0896/7244/products/IMG_5388.jpg?v=1638377475,2,,,,,,,,,,,,,,,,,,https://cdn.shopify.com/s/files/1/0896/7244/products/IMG_5392.jpg?v=1638377475,lb,,,,,
,,,,,,,xca-x-made-by-dwc,,,,,,,,,White Ceramic- Joshua Tea Scent,,,,,Joshua Tea: 01XCJT–0001,0,shopify,deny,manual,50,,TRUE,TRUE,,https://cdn.shopify.com/s/files/1/0896/7244/products/IMG_5384.jpg?v=1638377475,3,,,,,,,,,,,,,,,,,,https://cdn.shopify.com/s/files/1/0896/7244/products/IMG_5400.jpg?v=1638377475,lb,,,,,
,,,,,,,xca-x-made-by-dwc,,,,,,,,,,,,,,,,,,,,,,,,https://cdn.shopify.com/s/files/1/0896/7244/products/IMG_5386.jpg?v=1638377475,4,,,,,,,,,,,,,,,,,,,,,,,,
,,,,,,,xca-x-made-by-dwc,,,,,,,,,,,,,,,,,,,,,,,,https://cdn.shopify.com/s/files/1/0896/7244/products/IMG_5392.jpg?v=1638377475,5,,,,,,,,,,,,,,,,,,,,,,,,
,,,,,,,xca-x-made-by-dwc,,,,,,,,,,,,,,,,,,,,,,,,https://cdn.shopify.com/s/files/1/0896/7244/products/IMG_5389.jpg?v=1638377475,6,,,,,,,,,,,,,,,,,,,,,,,,
,,,,,,,xca-x-made-by-dwc,,,,,,,,,,,,,,,,,,,,,,,,https://cdn.shopify.com/s/files/1/0896/7244/products/IMG_5391.jpg?v=1638377475,7,,,,,,,,,,,,,,,,,,,,,,,,
,,,,,,,xca-x-made-by-dwc,,,,,,,,,,,,,,,,,,,,,,,,https://cdn.shopify.com/s/files/1/0896/7244/products/IMG_5400.jpg?v=1638377475,8,,,,,,,,,,,,,,,,,,,,,,,,
,,,,,,,xca-x-made-by-dwc,,,,,,,,,,,,,,,,,,,,,,,,https://cdn.shopify.com/s/files/1/0896/7244/products/IMG_5394.jpg?v=1638377475,9,,,,,,,,,,,,,,,,,,,,,,,,
,,,,,,,xca-x-made-by-dwc,,,,,,,,,,,,,,,,,,,,,,,,https://cdn.shopify.com/s/files/1/0896/7244/products/IMG_5397.jpg?v=1638377475,10,,,,,,,,,,,,,,,,,,,,,,,,
,,,,,,,xca-x-made-by-dwc,,,,,,,,,,,,,,,,,,,,,,,,https://cdn.shopify.com/s/files/1/0896/7244/products/IMG_1099.jpg?v=1638377475,11,,,,,,,,,,,,,,,,,,,,,,,,
,,,,,,,xca-x-made-by-dwc,,,,,,,,,,,,,,,,,,,,,,,,https://cdn.shopify.com/s/files/1/0896/7244/products/IMG_5406.jpg?v=1638377482,12,,,,,,,,,,,,,,,,,,,,,,,,
,,,,,,,xca-x-made-by-dwc,,,,,,,,,,,,,,,,,,,,,,,,https://cdn.shopify.com/s/files/1/0896/7244/products/IMG_5408.jpg?v=1638377482,13,,,,,,,,,,,,,,,,,,,,,,,,
,,,,,,,xca-x-made-by-dwc,,,,,,,,,,,,,,,,,,,,,,,,https://cdn.shopify.com/s/files/1/0896/7244/products/IMG_5405.jpg?v=1638377482,14,,,,,,,,,,,,,,,,,,,,,,,,
$26.00,12,Please Select,Please Select,Please Select,,,trailblazer-set-new,Trailblazer Set,"<p><span data-contrast=""none"">In celebration of the women who forged a path, we created our Trailblazer Set. The perfect gift for the torchbearers in your life.</span><span data-ccp-props='{""201341983"":1,""335559739"":160,""335559740"":315}'> Includes three 2oz. soy candles.</span></p>
<ul>
<li>
<b><span data-contrast=""none"">Trailblazer Pioneer:</span></b><span data-contrast=""none""> Reminiscent of coasts and campfires, this set pairs our Musk and Earth candle flights with ethically sourced palo santo and sage.</span><span data-ccp-props='{""201341983"":1,""335559685"":720,""335559739"":160,""335559740"":315}'> </span>
</li>
<ul>
<li data-leveltext=""-"" data-font=""Calibri"" data-listid=""7"" data-aria-posinset=""8"" data-aria-level=""1"">
<span data-contrast=""none"">Sage &amp; Palo Santo smudges with a Musk or Earth Flight</span><span data-ccp-props='{""201341983"":1,""335559685"":1800,""335559739"":160,""335559740"":315}'> </span>
</li>
</ul>
</ul>
<ul>
<li>
<em>New!</em><b><span data-contrast=""none""> Trailblazer Groundbreaker: </span></b><span data-contrast=""none"">Hint of tropical vanilla forests, this set pairs our Fresh and Floral candle flights with ethically sourced sage with Mullein flower blooms.</span><span data-ccp-props='{""201341983"":1,""335559685"":720,""335559739"":160,""335559740"":315}'> </span>
</li>
<ul>
<li data-leveltext=""-"" data-font=""Calibri"" data-listid=""7"" data-aria-posinset=""8"" data-aria-level=""1"">
<span data-contrast=""none"">Sage and Flower smudge with a Fresh or Floral Flight</span><span data-ccp-props='{""201341983"":1,""335559685"":1800,""335559739"":160,""335559740"":315}'> </span>
</li>
</ul>
</ul>
<p> </p>
<ul></ul>",MADE by DWC,,Gift Sets,"Candle, Father's Day, Gift Sets, procure",TRUE,Scent,Groundbreaker - Fresh,,,,,05TGFR - 1002,680.388555,shopify,continue,manual,52,,TRUE,TRUE,,https://cdn.shopify.com/s/files/1/0896/7244/products/NTP1080_09191aee-f481-4c03-8e17-130c29785b47.jpg?v=1652391283,1,,FALSE,,,,,,,,,,,,,,,,https://cdn.shopify.com/s/files/1/0896/7244/products/newproduct_4x5in_4.png?v=1652391283,lb,,,,,active
,,,,,,,trailblazer-set-new,,,,,,,,,Groundbreaker - Floral,,,,,05TGFR - 1003,680.388555,shopify,continue,manual,52,,TRUE,TRUE,,https://cdn.shopify.com/s/files/1/0896/7244/products/newproduct_4x5in_4.png?v=1652391283,2,,,,,,,,,,,,,,,,,,https://cdn.shopify.com/s/files/1/0896/7244/products/newproduct_4x5in_1.png?v=1652391283,lb,,,,,
,,,,,,,trailblazer-set-new,,,,,,,,,Pioneer - Earth,,,,,05TPEA - 1001,680.388555,shopify,continue,manual,52,,TRUE,TRUE,,https://cdn.shopify.com/s/files/1/0896/7244/products/newproduct_4x5in_1.png?v=1652391283,3,,,,,,,,,,,,,,,,,,https://cdn.shopify.com/s/files/1/0896/7244/products/NTP1080_09191aee-f481-4c03-8e17-130c29785b47.jpg?v=1652391283,lb,,,,,
,,,,,,,trailblazer-set-new,,,,,,,,,Pioneer - Musk,,,,,05TPMU - 1000,680.388555,shopify,continue,manual,52,,TRUE,TRUE,,https://cdn.shopify.com/s/files/1/0896/7244/products/NTP1070_5cdd1180-1c61-4d40-b67f-757145a8d405.jpg?v=1652391283,4,,,,,,,,,,,,,,,,,,https://cdn.shopify.com/s/files/1/0896/7244/products/NTP1070_5cdd1180-1c61-4d40-b67f-757145a8d405.jpg?v=1652391283,lb,,,,,
,,,,,,,trailblazer-set-new,,,,,,,,,,,,,,,,,,,,,,,,https://cdn.shopify.com/s/files/1/0896/7244/products/newproduct_4x5in_3.png?v=1648827479,5,,,,,,,,,,,,,,,,,,,,,,,,